{
  "1": {
    "states": {
      "BFS": {
        "mean": 4158.9,
        "std": 2870.394426218976,
        "n": 30
      },
      "DFS": {
        "mean": 3744.7,
        "std": 2359.2211770135004,
        "n": 30
      },
      "DLS-50": {
        "mean": 10977.857142857143,
        "std": 9102.41624605706,
        "n": 14
      },
      "DLS-75": {
        "mean": 26124.428571428572,
        "std": 22691.43140167986,
        "n": 21
      },
      "DLS-100": {
        "mean": 48111.583333333336,
        "std": 47492.36902814806,
        "n": 24
      },
      "UCS": {
        "mean": 3926.9333333333334,
        "std": 2656.5869331405916,
        "n": 30
      },
      "A1": {
        "mean": 1028.1,
        "std": 1343.0807701595663,
        "n": 30
      }
    },
    "actions": {
      "BFS": {
        "mean": 63.3,
        "std": 39.41306452399272,
        "n": 30
      },
      "DFS": {
        "mean": 3472.766666666667,
        "std": 2185.0193510282274,
        "n": 30
      },
      "DLS-50": {
        "mean": 48.714285714285715,
        "std": 2.2677868380553634,
        "n": 14
      },
      "DLS-75": {
        "mean": 73,
        "std": 7.3484692283495345,
        "n": 21
      },
      "DLS-100": {
        "mean": 96.95833333333333,
        "std": 11.929062671974025,
        "n": 24
      },
      "UCS": {
        "mean": 63.3,
        "std": 39.41306452399272,
        "n": 30
      },
      "A1": {
        "mean": 63.3,
        "std": 39.41306452399272,
        "n": 30
      }
    },
    "cost": {
      "BFS": {
        "mean": 63.3,
        "std": 39.41306452399272,
        "n": 30
      },
      "DFS": {
        "mean": 3472.766666666667,
        "std": 2185.0193510282274,
        "n": 30
      },
      "DLS-50": {
        "mean": 48.714285714285715,
        "std": 2.2677868380553634,
        "n": 14
      },
      "DLS-75": {
        "mean": 73,
        "std": 7.3484692283495345,
        "n": 21
      },
      "DLS-100": {
        "mean": 96.95833333333333,
        "std": 11.929062671974025,
        "n": 24
      },
      "UCS": {
        "mean": 63.3,
        "std": 39.41306452399272,
        "n": 30
      },
      "A1": {
        "mean": 63.3,
        "std": 39.41306452399272,
        "n": 30
      }
    },
    "time": {
      "RANDOM": {
        "mean": 2.3831200026810016e-05,
        "std": 2.208956645801392e-05,
        "n": 30
      },
      "BFS": {
        "mean": 0.011896383133231818,
        "std": 0.008387506981163827,
        "n": 30
      },
      "DFS": {
        "mean": 0.00877506510002301,
        "std": 0.005514148159698867,
        "n": 30
      },
      "DLS-50": {
        "mean": 0.07804915136651593,
        "std": 0.04691269816955699,
        "n": 30
      },
      "DLS-75": {
        "mean": 0.1333232110001821,
        "std": 0.10310723171795397,
        "n": 30
      },
      "DLS-100": {
        "mean": 0.21132403026667818,
        "std": 0.18631425256915415,
        "n": 30
      },
      "UCS": {
        "mean": 0.014701842566652582,
        "std": 0.009947837265272808,
        "n": 30
      },
      "A1": {
        "mean": 0.0038232188667583007,
        "std": 0.0049789657249020465,
        "n": 30
      }
    }
  },
  "2": {
    "states": {
      "BFS": {
        "mean": 4158.9,
        "std": 2870.394426218976,
        "n": 30
      },
      "DFS": {
        "mean": 3744.7,
        "std": 2359.2211770135004,
        "n": 30
      },
      "DLS-50": {
        "mean": 10977.857142857143,
        "std": 9102.41624605706,
        "n": 14
      },
      "DLS-75": {
        "mean": 26124.428571428572,
        "std": 22691.43140167986,
        "n": 21
      },
      "DLS-100": {
        "mean": 48111.583333333336,
        "std": 47492.36902814806,
        "n": 24
      },
      "UCS": {
        "mean": 3926.9333333333334,
        "std": 2656.5869331405916,
        "n": 30
      },
      "A2": {
        "mean": 1028.9333333333334,
        "std": 1342.5665316676202,
        "n": 30
      }
    },
    "actions": {
      "BFS": {
        "mean": 63.3,
        "std": 39.41306452399272,
        "n": 30
      },
      "DFS": {
        "mean": 3472.766666666667,
        "std": 2185.0193510282274,
        "n": 30
      },
      "DLS-50": {
        "mean": 48.714285714285715,
        "std": 2.2677868380553634,
        "n": 14
      },
      "DLS-75": {
        "mean": 73,
        "std": 7.3484692283495345,
        "n": 21
      },
      "DLS-100": {
        "mean": 96.95833333333333,
        "std": 11.929062671974025,
        "n": 24
      },
      "UCS": {
        "mean": 63.3,
        "std": 39.41306452399272,
        "n": 30
      },
      "A2": {
        "mean": 63.3,
        "std": 39.41306452399272,
        "n": 30
      }
    },
    "cost": {
      "BFS": {
        "mean": 327.3,
        "std": 248.70591274532006,
        "n": 30
      },
      "DFS": {
        "mean": 10744.166666666666,
        "std": 6794.987559722358,
        "n": 30
      },
      "DLS-50": {
        "mean": 177.28571428571428,
        "std": 75.29677546618046,
        "n": 14
      },
      "DLS-75": {
        "mean": 303.14285714285717,
        "std": 125.5604578337805,
        "n": 21
      },
      "DLS-100": {
        "mean": 378.9583333333333,
        "std": 111.25586615375923,
        "n": 24
      },
      "UCS": {
        "mean": 327.3,
        "std": 248.70591274532006,
        "n": 30
      },
      "A2": {
        "mean": 327.3,
        "std": 248.70591274532006,
        "n": 30
      }
    },
    "time": {
      "RANDOM": {
        "mean": 2.3831200026810016e-05,
        "std": 2.208956645801392e-05,
        "n": 30
      },
      "BFS": {
        "mean": 0.011896383133231818,
        "std": 0.008387506981163827,
        "n": 30
      },
      "DFS": {
        "mean": 0.00877506510002301,
        "std": 0.005514148159698867,
        "n": 30
      },
      "DLS-50": {
        "mean": 0.07804915136651593,
        "std": 0.04691269816955699,
        "n": 30
      },
      "DLS-75": {
        "mean": 0.1333232110001821,
        "std": 0.10310723171795397,
        "n": 30
      },
      "DLS-100": {
        "mean": 0.21132403026667818,
        "std": 0.18631425256915415,
        "n": 30
      },
      "UCS": {
        "mean": 0.014701842566652582,
        "std": 0.009947837265272808,
        "n": 30
      },
      "A2": {
        "mean": 0.0039245148000797295,
        "std": 0.005144152745880817,
        "n": 30
      }
    }
  }
}